<?xml version="1.0" encoding="utf-8"?>
<!DOCTYPE hibernate-configuration PUBLIC
"-//Hibernate/Hibernate Configuration DTD 3.0//EN"
"http://hibernate.sourceforge.net/hibernate-configuration-3.0.dtd">
<hibernate-configuration>
    <session-factory>
    
        <property name="connection.driver_class">oracle.jdbc.driver.OracleDriver</property>
      
        <property name="connection.url">jdbc:oracle:thin:@localhost:1521:xe</property>
        
        <property name="connection.username">hr</property>
        
          <property name="connection.password">hr</property>
          
        <property name="dialect">org.hibernate.dialect.Oracle10gDialect</property>
        
        <property name="show_sql">true</property>
        
           <property name="hbm2ddl.auto">update</property>
        
        
        <mapping class="com.iris.model.User"></mapping>
    </session-factory>
</hibernate-configuration>